Date,Close,Close_DWT
2024-01-02 00:00:00-05:00,462.6103515625,468.7707248100166
2024-01-03 00:00:00-05:00,458.8323669433594,469.15345751976145
2024-01-04 00:00:00-05:00,457.3544921875,469.5500253921942
2024-01-05 00:00:00-05:00,457.9808654785156,469.9613977145564
2024-01-08 00:00:00-05:00,464.51898193359375,470.3775033003466
2024-01-09 00:00:00-05:00,463.81427001953125,470.8013673464618
2024-01-10 00:00:00-05:00,466.4373779296875,471.24292555624555
2024-01-11 00:00:00-05:00,466.2318115234375,471.70214324427815
2024-01-12 00:00:00-05:00,466.5548095703125,472.1765926936585
2024-01-16 00:00:00-05:00,464.8419494628906,472.6689326970514
2024-01-17 00:00:00-05:00,462.258056640625,473.17117311426983
2024-01-18 00:00:00-05:00,466.3688049316406,473.6833247637378
2024-01-19 00:00:00-05:00,472.1826171875,474.21180630036747
2024-01-22 00:00:00-05:00,473.1810302734375,474.7551637651416
2024-01-23 00:00:00-05:00,474.56103515625,475.3101067252
2024-01-24 00:00:00-05:00,475.07977294921875,475.877269692192
2024-01-25 00:00:00-05:00,477.6637268066406,476.4574361213457
2024-01-26 00:00:00-05:00,477.0569152832031,477.0500579144133
2024-01-29 00:00:00-05:00,480.8348693847656,477.6591242242726
2024-01-30 00:00:00-05:00,480.4629821777344,478.2849821930982
2024-01-31 00:00:00-05:00,472.6231384277344,478.9253709420444
2024-02-01 00:00:00-05:00,478.808837890625,479.5813504261417
2024-02-02 00:00:00-05:00,483.8494873046875,480.24246430877264
2024-02-05 00:00:00-05:00,482.0876770019531,480.9076220907336
2024-02-06 00:00:00-05:00,483.48736572265625,481.58266700893967
2024-02-07 00:00:00-05:00,487.519775390625,482.26469186255486
2024-02-08 00:00:00-05:00,487.735107421875,482.95943119060644
2024-02-09 00:00:00-05:00,490.5539855957031,483.6674074258356
2024-02-12 00:00:00-05:00,490.338623046875,484.3832422585003
2024-02-13 00:00:00-05:00,483.585205078125,485.1081562086299
2024-02-14 00:00:00-05:00,487.9798278808594,485.85070972954884
2024-02-15 00:00:00-05:00,491.3468017578125,486.6109942140575
2024-02-16 00:00:00-05:00,488.89990234375,487.3857425498379
2024-02-20 00:00:00-05:00,486.2082824707031,488.1771299391723
2024-02-21 00:00:00-05:00,486.6487121582031,488.97883701431
2024-02-22 00:00:00-05:00,496.72015380859375,489.7905409127904
2024-02-23 00:00:00-05:00,497.0627136230469,490.6172337144259
2024-02-26 00:00:00-05:00,495.2422180175781,491.4575711113247
2024-02-27 00:00:00-05:00,496.1622619628906,492.23071356187415
2024-02-28 00:00:00-05:00,495.50653076171875,492.9289600308449
2024-02-29 00:00:00-05:00,497.2878112792969,493.5892029133161
2024-03-01 00:00:00-05:00,501.95648193359375,494.1880910813277
2024-03-04 00:00:00-05:00,501.418212890625,494.77319389719196
2024-03-05 00:00:00-05:00,496.40692138671875,495.34609258218336
2024-03-06 00:00:00-05:00,498.9223937988281,495.8616703942249
2024-03-07 00:00:00-05:00,503.87481689453125,496.32846547440863
2024-03-08 00:00:00-05:00,500.8504943847656,496.80282886918906
2024-03-11 00:00:00-04:00,500.41986083984375,497.28283732677204
2024-03-12 00:00:00-04:00,505.80303955078125,497.74584791510284
2024-03-13 00:00:00-04:00,505.01019287109375,498.20464556082067
2024-03-14 00:00:00-04:00,504.0119323730469,498.61242672749705
2024-03-15 00:00:00-04:00,500.5510559082031,498.96522037955776
2024-03-18 00:00:00-04:00,503.5259094238281,499.29594063566134
2024-03-19 00:00:00-04:00,506.3241271972656,499.59315927883557
2024-03-20 00:00:00-04:00,511.0072021484375,499.91436745176304
2024-03-21 00:00:00-04:00,512.6959228515625,500.268022405781
2024-03-22 00:00:00-04:00,511.7239685058594,500.6181021387264
2024-03-25 00:00:00-04:00,510.31011962890625,500.9813364039237
2024-03-26 00:00:00-04:00,509.3676452636719,501.331097400656
2024-03-27 00:00:00-04:00,513.6482543945312,501.66446220155206
2024-03-28 00:00:00-04:00,513.550048828125,502.0094736650747
2024-04-01 00:00:00-04:00,512.6566162109375,502.36064544534594
2024-04-02 00:00:00-04:00,509.3971252441406,502.6628219655677
2024-04-03 00:00:00-04:00,509.9566650390625,502.9149351055912
2024-04-04 00:00:00-04:00,503.73211669921875,503.1399005741831
2024-04-05 00:00:00-04:00,508.9945373535156,503.32373143753176
2024-04-08 00:00:00-04:00,509.27923583984375,503.5056982328884
2024-04-09 00:00:00-04:00,509.8683776855469,503.68825004339175
2024-04-10 00:00:00-04:00,504.7629699707031,503.8401025581828
2024-04-11 00:00:00-04:00,508.57244873046875,503.96981366081747
2024-04-12 00:00:00-04:00,501.552490234375,504.1761049043244
2024-04-15 00:00:00-04:00,495.2690124511719,504.46534873129355
2024-04-16 00:00:00-04:00,494.36572265625,504.7972249562232
2024-04-17 00:00:00-04:00,491.43994140625,505.19932607886085
2024-04-18 00:00:00-04:00,490.4286804199219,505.6072370090386
2024-04-19 00:00:00-04:00,486.1480712890625,506.0190381462318
2024-04-22 00:00:00-04:00,490.62506103515625,506.49182616657254
2024-04-23 00:00:00-04:00,496.4471435546875,507.01356896321215
2024-04-24 00:00:00-04:00,496.2115173339844,507.5243645747669
2024-04-25 00:00:00-04:00,494.3264465332031,508.0271256547851
2024-04-26 00:00:00-04:00,499.0096435546875,508.5437900164591
2024-04-29 00:00:00-04:00,500.7768859863281,509.06090685223205
2024-04-30 00:00:00-04:00,492.8439025878906,509.63062989629907
2024-05-01 00:00:00-04:00,491.24365234375,510.25694867491626
2024-05-02 00:00:00-04:00,495.83837890625,510.9037750637034
2024-05-03 00:00:00-04:00,501.9844970703125,511.58369247989685
2024-05-06 00:00:00-04:00,507.16839599609375,512.217949754085
2024-05-07 00:00:00-04:00,507.7280578613281,512.7956699522722
2024-05-08 00:00:00-04:00,507.777099609375,513.3636869496701
2024-05-09 00:00:00-04:00,510.7027282714844,513.8990885466441
2024-05-10 00:00:00-04:00,511.36065673828125,514.4398529190686
2024-05-13 00:00:00-04:00,511.4294128417969,514.9894692226025
2024-05-14 00:00:00-04:00,513.77587890625,515.5086064427645
2024-05-15 00:00:00-04:00,520.1380004882812,516.0048140168713
2024-05-16 00:00:00-04:00,519.0678100585938,516.549043734751
2024-05-17 00:00:00-04:00,519.81396484375,517.1420233544077
2024-05-20 00:00:00-04:00,520.412841796875,517.7543271249355
2024-05-21 00:00:00-04:00,521.689208984375,518.403607231319
2024-05-22 00:00:00-04:00,520.1870727539062,519.0379859618499
2024-05-23 00:00:00-04:00,516.3875122070312,519.6539637155571
2024-05-24 00:00:00-04:00,519.80419921875,520.2919186811469
2024-05-28 00:00:00-04:00,520.1674194335938,520.9402591976885
2024-05-29 00:00:00-04:00,516.5249633789062,521.5407828788151
2024-05-30 00:00:00-04:00,513.0984497070312,522.0920623665728
2024-05-31 00:00:00-04:00,517.7717895507812,522.6131007037453
2024-06-03 00:00:00-04:00,518.1940307617188,523.0881671423177
2024-06-04 00:00:00-04:00,518.7733154296875,523.5603166391544
2024-06-05 00:00:00-04:00,524.9390258789062,524.0302783095991
2024-06-06 00:00:00-04:00,524.9291381835938,524.462394335926
2024-06-07 00:00:00-04:00,524.291015625,524.8647736808662
2024-06-10 00:00:00-04:00,525.910888671875,525.2644985263886
2024-06-11 00:00:00-04:00,527.177490234375,525.6590044167615
2024-06-12 00:00:00-04:00,531.5072631835938,526.0400082375788
2024-06-13 00:00:00-04:00,532.577392578125,526.4131707432703
2024-06-14 00:00:00-04:00,532.9014282226562,526.7518185033525
2024-06-17 00:00:00-04:00,537.1427001953125,527.0539911679258
2024-06-18 00:00:00-04:00,538.5074462890625,527.3369678117923
2024-06-20 00:00:00-04:00,537.0446166992188,527.5941811615859
2024-06-21 00:00:00-04:00,536.3245849609375,527.8977323123665
2024-06-24 00:00:00-04:00,534.5811767578125,528.256057876815
2024-06-25 00:00:00-04:00,536.6397705078125,528.6300298077397
2024-06-26 00:00:00-04:00,537.3095092773438,529.0403715130309
2024-06-27 00:00:00-04:00,538.1566162109375,529.4489233815168
2024-06-28 00:00:00-04:00,536.0388793945312,529.852980286034
2024-07-01 00:00:00-04:00,537.14208984375,530.2900884343421
2024-07-02 00:00:00-04:00,540.7569580078125,530.7528102136715
2024-07-03 00:00:00-04:00,543.1701049804688,531.1825144050384
2024-07-05 00:00:00-04:00,546.30224609375,531.5793402092132
2024-07-08 00:00:00-04:00,546.9327392578125,531.9669781329737
2024-07-09 00:00:00-04:00,547.4645385742188,532.331144074143
2024-07-10 00:00:00-04:00,552.8818969726562,532.716444762617
2024-07-11 00:00:00-04:00,548.1146240234375,533.1259821089949
2024-07-12 00:00:00-04:00,551.5718383789062,533.5259732302635
2024-07-15 00:00:00-04:00,553.0887451171875,533.9265755458846
2024-07-16 00:00:00-04:00,556.36865234375,534.292561526805
2024-07-17 00:00:00-04:00,548.5678100585938,534.6167568980143
2024-07-18 00:00:00-04:00,544.35205078125,534.9230443488082
2024-07-19 00:00:00-04:00,540.7372436523438,535.2003680606412
2024-07-22 00:00:00-04:00,546.3121948242188,535.4373547994113
2024-07-23 00:00:00-04:00,545.4551391601562,535.6329031033057
2024-07-24 00:00:00-04:00,533.0938110351562,535.781736272549
2024-07-25 00:00:00-04:00,530.3162231445312,535.8789815299805
2024-07-26 00:00:00-04:00,536.255615234375,536.0941967304148
2024-07-29 00:00:00-04:00,536.57080078125,536.4405235862936
2024-07-30 00:00:00-04:00,533.852294921875,536.8322081847281
2024-07-31 00:00:00-04:00,542.5299072265625,537.3152956509444
2024-08-01 00:00:00-04:00,534.8471069335938,537.2141200955923
2024-08-02 00:00:00-04:00,524.88916015625,536.4619256355522
2024-08-05 00:00:00-04:00,509.6023864746094,536.4224355184114
2024-08-06 00:00:00-04:00,514.3007202148438,537.0103814416169
2024-08-07 00:00:00-04:00,510.86309814453125,537.7949458071294
2024-08-08 00:00:00-04:00,522.6729736328125,539.0629272649485
2024-08-09 00:00:00-04:00,524.9776611328125,540.1850564956011
2024-08-12 00:00:00-04:00,525.2536010742188,541.1352644820361
2024-08-13 00:00:00-04:00,533.8917236328125,542.69636826595
2024-08-14 00:00:00-04:00,535.5759887695312,544.7706109143264
2024-08-15 00:00:00-04:00,544.755859375,546.9276210283887
2024-08-16 00:00:00-04:00,545.9772338867188,549.2859111481952
2024-08-19 00:00:00-04:00,551.1975708007812,550.9086102279232
2024-08-20 00:00:00-04:00,550.30126953125,551.6415590156097
2024-08-21 00:00:00-04:00,552.1923217773438,551.9790809163737
2024-08-22 00:00:00-04:00,547.8585205078125,551.6265739499479
2024-08-23 00:00:00-04:00,553.6796875,551.2970576818132
2024-08-26 00:00:00-04:00,552.3598022460938,551.0275858097056
2024-08-27 00:00:00-04:00,553.1182250976562,550.1896028216782
2024-08-28 00:00:00-04:00,549.9072265625,548.9261616531363
2024-08-29 00:00:00-04:00,549.9564208984375,548.4612414598602
2024-08-30 00:00:00-04:00,555.206298828125,548.8276627061967
2024-09-03 00:00:00-04:00,543.7808837890625,549.5351090181734
2024-09-04 00:00:00-04:00,542.667724609375,550.9020247730227
2024-09-05 00:00:00-04:00,541.3478393554688,552.0467365528688
2024-09-06 00:00:00-04:00,532.2369384765625,552.9239722932166
2024-09-09 00:00:00-04:00,538.1959228515625,554.2461892459784
2024-09-10 00:00:00-04:00,540.540283203125,555.8280330398785
2024-09-11 00:00:00-04:00,546.0855712890625,556.9897906746222
2024-09-12 00:00:00-04:00,550.6854248046875,557.7537140524264
2024-09-13 00:00:00-04:00,553.5615234375,558.3177435739582
2024-09-16 00:00:00-04:00,554.3790283203125,558.5155986843895
2024-09-17 00:00:00-04:00,554.6055297851562,558.9283129503996
2024-09-18 00:00:00-04:00,552.960693359375,559.5774502119746
2024-09-19 00:00:00-04:00,562.3966064453125,560.0338010867711
2024-09-20 00:00:00-04:00,561.4244995117188,560.4209527772895
2024-09-23 00:00:00-04:00,562.827392578125,560.9353222818476
2024-09-24 00:00:00-04:00,564.4378051757812,561.5481106044139
2024-09-25 00:00:00-04:00,563.1929321289062,562.2521860402599
2024-09-26 00:00:00-04:00,565.42578125,563.0912157312729
2024-09-27 00:00:00-04:00,564.6057739257812,563.8392270857714
2024-09-30 00:00:00-04:00,566.8682861328125,564.4945383412374
2024-10-01 00:00:00-04:00,561.7899780273438,565.206173252873
2024-10-02 00:00:00-04:00,562.0271606445312,565.9270820701847
2024-10-03 00:00:00-04:00,560.9996948242188,566.638627182319
2024-10-04 00:00:00-04:00,566.09765625,567.3538150564794
2024-10-07 00:00:00-04:00,560.9799194335938,568.0483227668803
2024-10-08 00:00:00-04:00,566.285400390625,568.719668204784
2024-10-09 00:00:00-04:00,570.207763671875,569.4196667780144
2024-10-10 00:00:00-04:00,569.2098388671875,570.1460062864813
2024-10-11 00:00:00-04:00,572.618408203125,570.8706535968613
2024-10-14 00:00:00-04:00,577.3014526367188,571.6038367372547
2024-10-15 00:00:00-04:00,572.8159790039062,572.2927546385216
2024-10-16 00:00:00-04:00,575.3057250976562,572.929829534392
2024-10-17 00:00:00-04:00,575.3550415039062,573.5470341064623
2024-10-18 00:00:00-04:00,577.5681762695312,574.128984859221
2024-10-21 00:00:00-04:00,576.6197509765625,574.6971306398774
2024-10-22 00:00:00-04:00,576.3134765625,575.2535327822521
2024-10-23 00:00:00-04:00,571.0474853515625,575.7736998056514
2024-10-24 00:00:00-04:00,572.2824096679688,576.2616002215229
2024-10-25 00:00:00-04:00,572.0848388671875,576.7547218194987
2024-10-28 00:00:00-04:00,573.8534545898438,577.2524058413322
2024-10-29 00:00:00-04:00,574.7820434570312,577.738601611052
2024-10-30 00:00:00-04:00,573.043212890625,578.2219880002482
2024-10-31 00:00:00-04:00,561.809814453125,578.6736596827769
2024-11-01 00:00:00-04:00,564.180908203125,579.091054940591
2024-11-04 00:00:00-05:00,562.9656982421875,579.4952026268406
2024-11-05 00:00:00-05:00,569.7730102539062,579.8790907198012
2024-11-06 00:00:00-05:00,583.9407348632812,580.2679090171332
2024-11-07 00:00:00-05:00,588.455810546875,580.6660368600039
2024-11-08 00:00:00-05:00,591.0048217773438,581.0561796422236
2024-11-11 00:00:00-05:00,591.5679931640625,581.4458040022369
2024-11-12 00:00:00-05:00,589.7304077148438,581.8246262909373
2024-11-13 00:00:00-05:00,590.016845703125,582.1911927083906
2024-11-14 00:00:00-05:00,586.2229614257812,582.5572129709749
2024-11-15 00:00:00-05:00,578.7142944335938,582.9205197084782
2024-11-18 00:00:00-05:00,581.08544921875,583.2540401801676
2024-11-19 00:00:00-05:00,583.2095947265625,583.5569720833646
2024-11-20 00:00:00-05:00,583.4071655273438,583.840870569066
2024-11-21 00:00:00-05:00,586.5391845703125,584.0987674694096
2024-11-22 00:00:00-05:00,588.3570556640625,584.3492833818605
2024-11-25 00:00:00-05:00,590.3528442382812,584.5935678106787
2024-11-26 00:00:00-05:00,593.435302734375,584.8164452401231
2024-11-27 00:00:00-05:00,591.6371459960938,585.0219161572386
2024-11-29 00:00:00-05:00,595.3125,585.2577321648893
2024-12-02 00:00:00-05:00,596.3795166015625,585.5268825883934
2024-12-03 00:00:00-05:00,596.6561279296875,585.8096934841241
2024-12-04 00:00:00-05:00,600.361083984375,586.1194342847187
2024-12-05 00:00:00-05:00,599.3731079101562,586.3314790589448
2024-12-06 00:00:00-05:00,600.50927734375,586.4351822055477
2024-12-09 00:00:00-05:00,597.4168701171875,586.5017193739822
2024-12-10 00:00:00-05:00,595.5595092773438,586.4979687215783
2024-12-11 00:00:00-05:00,600.1635131835938,586.9094174770164
2024-12-12 00:00:00-05:00,597.0711059570312,587.7866389116429
2024-12-13 00:00:00-05:00,596.9525756835938,588.8729560819583
2024-12-16 00:00:00-05:00,599.5015258789062,590.305562316421
2024-12-17 00:00:00-05:00,597.0315551757812,589.5669440416547
2024-12-18 00:00:00-05:00,579.2379150390625,586.4064837847238
2024-12-19 00:00:00-05:00,579.0599975585938,586.1600263000781
2024-12-20 00:00:00-05:00,586.01513671875,588.5334182303883
2024-12-23 00:00:00-05:00,589.5244140625,589.8315008636399
2024-12-24 00:00:00-05:00,596.0769653320312,590.9925929658303
2024-12-26 00:00:00-05:00,596.1166381835938,591.1343740418021
2024-12-27 00:00:00-05:00,589.8416137695312,589.6502865725994
2024-12-30 00:00:00-05:00,583.110595703125,589.3295221815546
2024-12-31 00:00:00-05:00,580.9891357421875,589.9087008728279
2025-01-02 00:00:00-05:00,579.5617065429688,590.134947756253
2025-01-03 00:00:00-05:00,586.8081665039062,590.4842114966799
2025-01-06 00:00:00-05:00,590.1885375976562,590.6725029734323
2025-01-07 00:00:00-05:00,583.5170288085938,590.5781980925913
2025-01-08 00:00:00-05:00,584.3695068359375,590.6515587433971
2025-01-10 00:00:00-05:00,575.4476928710938,590.8117326934446
2025-01-13 00:00:00-05:00,576.3399047851562,590.8923247834789
2025-01-14 00:00:00-05:00,577.1329345703125,590.9509047681188
2025-01-15 00:00:00-05:00,587.6310424804688,591.013554274938
2025-01-16 00:00:00-05:00,586.5008544921875,591.065359625136
2025-01-17 00:00:00-05:00,592.3892822265625,591.0724932525702
2025-01-21 00:00:00-05:00,597.811767578125,591.0329377243047
2025-01-22 00:00:00-05:00,601.1723022460938,590.9599199326937
2025-01-23 00:00:00-05:00,604.4535522460938,590.8434681055169
2025-01-24 00:00:00-05:00,602.68896484375,590.7074574594018
2025-01-27 00:00:00-05:00,594.1636962890625,590.552278730691
2025-01-28 00:00:00-05:00,599.26904296875,590.3568835194727
2025-01-29 00:00:00-05:00,596.58251953125,590.1255720494697
2025-01-30 00:00:00-05:00,599.784423828125,589.8779284953014
2025-01-31 00:00:00-05:00,596.5924682617188,589.612530186631
2025-02-03 00:00:00-05:00,592.57763671875,589.3222440678683
2025-02-04 00:00:00-05:00,596.5527954101562,589.0112203098035
2025-02-05 00:00:00-05:00,598.9714965820312,588.6613916393007
2025-02-06 00:00:00-05:00,601.0533447265625,588.2711973998685
2025-02-07 00:00:00-05:00,595.5515747070312,587.8525466886243
2025-02-10 00:00:00-05:00,599.5960693359375,587.4008940171359
2025-02-11 00:00:00-05:00,600.0521240234375,586.932994185039
2025-02-12 00:00:00-05:00,598.1190795898438,586.4512508620912
2025-02-13 00:00:00-05:00,604.4337158203125,585.944030785359
2025-02-14 00:00:00-05:00,604.4039916992188,585.4160019910857
2025-02-18 00:00:00-05:00,606.1784057617188,584.8595642411744
2025-02-19 00:00:00-05:00,607.6058959960938,584.2734422666699
2025-02-20 00:00:00-05:00,605.078125,583.6580728418267
2025-02-21 00:00:00-05:00,594.7288208007812,583.0108546704554
2025-02-24 00:00:00-05:00,592.0225219726562,582.3841885165967
2025-02-25 00:00:00-05:00,589.0783081054688,581.7820484192719
2025-02-26 00:00:00-05:00,589.3756103515625,580.8925489176735
2025-02-27 00:00:00-05:00,579.9680786132812,579.7004447951398
2025-02-28 00:00:00-05:00,589.018798828125,579.8149213751121
2025-03-03 00:00:00-05:00,578.69921875,578.3344670000296
2025-03-04 00:00:00-05:00,571.8492431640625,577.6235117837476
2025-03-05 00:00:00-05:00,577.995361328125,576.721656322411
2025-03-06 00:00:00-05:00,567.7352905273438,575.8633407118949
2025-03-07 00:00:00-05:00,570.9173583984375,575.055258282195
2025-03-10 00:00:00-04:00,555.710693359375,574.2626577573242
2025-03-11 00:00:00-04:00,551.0911254882812,573.5074167414909
2025-03-12 00:00:00-04:00,554.0155029296875,572.7431613790786
2025-03-13 00:00:00-04:00,546.6302490234375,571.968147838381
2025-03-14 00:00:00-04:00,557.9212646484375,571.2253663766612
2025-03-17 00:00:00-04:00,562.2235717773438,570.5062350673588
2025-03-18 00:00:00-04:00,556.1468505859375,570.003328631427
2025-03-19 00:00:00-04:00,562.2037353515625,569.7435631877167
2025-03-20 00:00:00-04:00,560.5780029296875,569.6328545231622
2025-03-21 00:00:00-04:00,560.762939453125,569.730537339849
2025-03-24 00:00:00-04:00,570.8053588867188,569.3175626023813
2025-03-25 00:00:00-04:00,572.177490234375,568.3285834334156
2025-03-26 00:00:00-04:00,565.3466796875,567.162530930294
2025-03-27 00:00:00-04:00,563.8452758789062,565.6240650385665
2025-03-28 00:00:00-04:00,552.4904174804688,565.5103623166825
2025-03-31 00:00:00-04:00,556.1991577148438,567.0039880783589
2025-04-01 00:00:00-04:00,557.7700805664062,569.3234595550466
2025-04-02 00:00:00-04:00,561.2998657226562,572.9880060751842
2025-04-03 00:00:00-04:00,533.6386108398438,563.506427612311
2025-04-04 00:00:00-04:00,502.3977966308594,540.855414744222
2025-04-07 00:00:00-04:00,501.5029296875,537.5728666787887
2025-04-08 00:00:00-04:00,493.64801025390625,536.5094075650678
2025-04-09 00:00:00-04:00,545.4906005859375,571.8273376043828
2025-04-10 00:00:00-04:00,521.5877685546875,545.5610612939437
2025-04-11 00:00:00-04:00,530.8943481445312,551.8566738085286
2025-04-14 00:00:00-04:00,536.0447387695312,553.3334584369729
2025-04-15 00:00:00-04:00,534.5433349609375,552.9354157794473
2025-04-16 00:00:00-04:00,522.6615600585938,551.5698394269554
2025-04-17 00:00:00-04:00,523.4072265625,548.7524424235135
2025-04-21 00:00:00-04:00,510.94873046875,544.0578045550396
2025-04-22 00:00:00-04:00,524.2424926757812,543.2810779796598
2025-04-23 00:00:00-04:00,532.3658447265625,546.681914223988
2025-04-24 00:00:00-04:00,543.5715942382812,547.4987566486208
2025-04-25 00:00:00-04:00,547.4990234375,546.7910512358103
2025-04-28 00:00:00-04:00,547.7078247070312,547.4750886034788
2025-04-29 00:00:00-04:00,551.1580200195312,548.5690192682903
2025-04-30 00:00:00-04:00,551.3768310546875,549.0168596271645
2025-05-01 00:00:00-04:00,555.2843627929688,549.0173753318362
2025-05-02 00:00:00-04:00,563.527099609375,549.8923320924097
2025-05-05 00:00:00-04:00,560.295654296875,551.5495266289186
2025-05-06 00:00:00-04:00,555.6124877929688,553.2829010040185
2025-05-07 00:00:00-04:00,557.9490966796875,555.347402772917
2025-05-08 00:00:00-04:00,561.8367919921875,557.5611422543195
2025-05-09 00:00:00-04:00,561.1209716796875,559.8483454247023
2025-05-12 00:00:00-04:00,579.66455078125,562.8496588229208
2025-05-13 00:00:00-04:00,583.4925537109375,565.759878751109
2025-05-14 00:00:00-04:00,584.23828125,568.2792485836393
2025-05-15 00:00:00-04:00,587.0919189453125,570.094046280522
2025-05-16 00:00:00-04:00,590.8106079101562,571.6574693677157
2025-05-19 00:00:00-04:00,591.4568481445312,572.7160483584349
2025-05-20 00:00:00-04:00,589.46826171875,573.832301307339
2025-05-21 00:00:00-04:00,579.5352783203125,575.0323643898855
2025-05-22 00:00:00-04:00,579.7639770507812,575.811186964688
2025-05-23 00:00:00-04:00,575.806640625,576.2779488746926
2025-05-27 00:00:00-04:00,587.7780151367188,577.0672727182833
2025-05-28 00:00:00-04:00,584.37744140625,578.166166659263
2025-05-29 00:00:00-04:00,586.6842651367188,579.3364607718202
2025-05-30 00:00:00-04:00,586.0280151367188,580.7294135374297
2025-06-02 00:00:00-04:00,589.3291015625,581.8310081752635
2025-06-03 00:00:00-04:00,592.6898193359375,582.6071435093295
2025-06-04 00:00:00-04:00,592.5307006835938,583.43465997338
2025-06-05 00:00:00-04:00,589.6671142578125,584.1955524651684
2025-06-06 00:00:00-04:00,595.722412109375,585.1521607540338
2025-06-09 00:00:00-04:00,596.2593383789062,586.3684094690345
2025-06-10 00:00:00-04:00,599.6399536132812,587.633675615276
2025-06-11 00:00:00-04:00,597.9297485351562,589.0309576035569
2025-06-12 00:00:00-04:00,600.3060913085938,590.495487840825
2025-06-13 00:00:00-04:00,593.5946044921875,592.0117476329129
2025-06-16 00:00:00-04:00,599.2421875,593.6870121604843
2025-06-17 00:00:00-04:00,594.12158203125,595.5091079704072
2025-06-18 00:00:00-04:00,594.0321044921875,597.1521637565238
2025-06-20 00:00:00-04:00,592.636962890625,598.6050962630642
2025-06-23 00:00:00-04:00,598.49072265625,600.0185006499233
2025-06-24 00:00:00-04:00,605.1024169921875,601.3095131495427
2025-06-25 00:00:00-04:00,605.4414672851562,602.6956085277354
2025-06-26 00:00:00-04:00,610.1783447265625,604.1936794139083
2025-06-27 00:00:00-04:00,613.2098999023438,605.6266745447342
2025-06-30 00:00:00-04:00,616.1417846679688,607.0432453271511
2025-07-01 00:00:00-04:00,615.9423828125,608.4071503747455
2025-07-02 00:00:00-04:00,618.734619140625,609.6934793075714
2025-07-03 00:00:00-04:00,623.611083984375,610.9529388822
2025-07-07 00:00:00-04:00,618.9639892578125,612.1686049371441
2025-07-08 00:00:00-04:00,618.6249389648438,613.3183590077217
2025-07-09 00:00:00-04:00,622.3345947265625,614.4033613038831
2025-07-10 00:00:00-04:00,624.0897827148438,615.4171187111276
2025-07-11 00:00:00-04:00,621.8958129882812,616.3526366395167
2025-07-14 00:00:00-04:00,623.08251953125,617.3037679108421
2025-07-15 00:00:00-04:00,620.419921875,618.2744142126115
2025-07-16 00:00:00-04:00,622.494140625,619.2120389500006
2025-07-17 00:00:00-04:00,626.3035888671875,620.1394857757923
2025-07-18 00:00:00-04:00,625.8449096679688,620.9975356126373
2025-07-21 00:00:00-04:00,627.0316162109375,621.7785520352761
2025-07-22 00:00:00-04:00,627.121337890625,622.5296118549426
2025-07-23 00:00:00-04:00,632.4566040039062,623.2356313690699
2025-07-24 00:00:00-04:00,632.6659545898438,624.0571496649726
2025-07-25 00:00:00-04:00,635.3385620117188,625.014953389527
2025-07-28 00:00:00-04:00,635.1790161132812,626.0219915755658
2025-07-29 00:00:00-04:00,633.503662109375,627.1255344075662
2025-07-30 00:00:00-04:00,632.7058715820312,628.24205309382
2025-07-31 00:00:00-04:00,630.3324584960938,629.3664275327933
2025-08-01 00:00:00-04:00,620.0010375976562,630.5832557929307
2025-08-04 00:00:00-04:00,629.4249267578125,631.8770504572681
2025-08-05 00:00:00-04:00,626.2337646484375,633.1083857874848
2025-08-06 00:00:00-04:00,631.030517578125,634.2775916514513
2025-08-07 00:00:00-04:00,630.501953125,635.4430990738648
2025-08-08 00:00:00-04:00,635.4183349609375,636.5712564126179
2025-08-11 00:00:00-04:00,634.1618041992188,637.7680084422232
2025-08-12 00:00:00-04:00,640.9131469726562,639.0414864079879
2025-08-13 00:00:00-04:00,643.1070556640625,640.3120695473594
2025-08-14 00:00:00-04:00,643.1668701171875,641.6043943684729
2025-08-15 00:00:00-04:00,641.6610717773438,642.8083820530426
2025-08-18 00:00:00-04:00,641.5214233398438,643.9047747059313
2025-08-19 00:00:00-04:00,638.0410766601562,644.9634528202475
2025-08-20 00:00:00-04:00,636.3457641601562,645.950856142499
2025-08-21 00:00:00-04:00,633.7928466796875,646.9123861902151
2025-08-22 00:00:00-04:00,643.52587890625,647.8523077558092
2025-08-25 00:00:00-04:00,640.6936645507812,648.7173496160023
2025-08-26 00:00:00-04:00,643.3762817382812,649.5156628765063
2025-08-27 00:00:00-04:00,644.8422241210938,650.3573009910378
2025-08-28 00:00:00-04:00,647.1258544921875,651.2434818299913
2025-08-29 00:00:00-04:00,643.2666015625,652.1253771502461
2025-09-02 00:00:00-04:00,638.4998168945312,653.0299264363537
2025-09-03 00:00:00-04:00,641.960205078125,653.8775683684626
2025-09-04 00:00:00-04:00,647.3253173828125,654.661826261892
2025-09-05 00:00:00-04:00,645.4505004882812,655.443973894194
2025-09-08 00:00:00-04:00,647.0361328125,656.2055279361747
2025-09-09 00:00:00-04:00,648.531982421875,656.9580368985315
2025-09-10 00:00:00-04:00,650.4067993164062,657.709051627324
2025-09-11 00:00:00-04:00,655.8118286132812,658.4394935279777
2025-09-12 00:00:00-04:00,655.5924072265625,659.1540971502161
2025-09-15 00:00:00-04:00,659.0827026367188,659.8598732080927
2025-09-16 00:00:00-04:00,658.1752319335938,660.5552348966459
2025-09-17 00:00:00-04:00,657.3575439453125,661.2410357193354
2025-09-18 00:00:00-04:00,660.4290161132812,661.9186444669937
2025-09-19 00:00:00-04:00,663.7000122070312,662.5552533693836
2025-09-22 00:00:00-04:00,666.8400268554688,663.1484327560051
2025-09-23 00:00:00-04:00,663.2100219726562,663.7149009589521
2025-09-24 00:00:00-04:00,661.0999755859375,664.2458457604449
2025-09-25 00:00:00-04:00,658.0499877929688,664.7600595735802
2025-09-26 00:00:00-04:00,661.8200073242188,665.2590324942234
2025-09-29 00:00:00-04:00,663.6799926757812,665.7258270591767
2025-09-30 00:00:00-04:00,666.1799926757812,666.1644200545009
2025-10-01 00:00:00-04:00,668.4500122070312,666.5854388049937
2025-10-02 00:00:00-04:00,669.219970703125,666.9875588875703
2025-10-03 00:00:00-04:00,669.2100219726562,667.359071792857
2025-10-06 00:00:00-04:00,671.6099853515625,667.7011833836863
2025-10-07 00:00:00-04:00,669.1199951171875,668.0878930999831
2025-10-08 00:00:00-04:00,673.1099853515625,668.5241576402542
2025-10-09 00:00:00-04:00,671.1599731445312,668.6152988169689
2025-10-10 00:00:00-04:00,653.02001953125,668.3443485216814
2025-10-13 00:00:00-04:00,663.0399780273438,669.73309806995
2025-10-14 00:00:00-04:00,662.22998046875,669.11101738102
2025-10-15 00:00:00-04:00,665.1699829101562,669.4781530694672
2025-10-16 00:00:00-04:00,660.6400146484375,669.6166879883306
2025-10-17 00:00:00-04:00,664.3900146484375,669.7281454525629
2025-10-20 00:00:00-04:00,671.2999877929688,669.8120819479873
2025-10-21 00:00:00-04:00,671.2899780273438,669.8668754123601
2025-10-22 00:00:00-04:00,667.7999877929688,669.8926609633172
2025-10-23 00:00:00-04:00,671.760009765625,669.9941544110519
2025-10-24 00:00:00-04:00,677.25,670.1817355994863
2025-10-27 00:00:00-04:00,685.239990234375,670.4063036386242
2025-10-28 00:00:00-04:00,687.0599975585938,670.6981281227589
2025-10-29 00:00:00-04:00,687.3900146484375,670.9963703641077
2025-10-30 00:00:00-04:00,679.8300170898438,671.2987250077582
2025-10-31 00:00:00-04:00,682.0599975585938,671.6631853679695
